Date,Win Prediction Confidence,Kelly Percentage,Home Team Odds,Away Team Odds,OverUnder Prediction,OverUnder Point,OverUnder Confidence,Actual Combined Score,Home Team Name,Away Team Name,Predicted Winner,Actual Winner
2024-03-31 12:43:15,65.70, 0.00, -198,     , OVER,216.0,56.00,?,Denver Nuggets,,Denver Nuggets,?
2024-03-31 12:43:15,34.30, 0.00,     ,  166, OVER,216.0,56.00,?,,Cleveland Cavaliers,Denver Nuggets,?
2024-03-31 12:43:15,34.30, 0.00,  210,     , OVER,225.5,70.60,?,Brooklyn Nets,,Los Angeles Lakers,?
2024-03-31 12:43:15,65.70, 0.00,     , -255, OVER,225.5,70.60,?,,Los Angeles Lakers,Los Angeles Lakers,?
2024-03-31 12:43:15,22.10, 0.00,  830,     ,UNDER,215.5,66.60,?,Charlotte Hornets,,LA Clippers,?
2024-03-31 12:43:15,77.90, 0.00,     ,-1400,UNDER,215.5,66.60,?,,LA Clippers,LA Clippers,?
2024-03-31 12:43:15,33.20, 0.00,  350,     , OVER,217.5,50.90,?,Toronto Raptors,,Philadelphia 76ers,?
2024-03-31 12:43:15,66.80, 0.00,     , -450, OVER,217.5,50.90,?,,Philadelphia 76ers,Philadelphia 76ers,?
2024-03-31 12:43:15,23.60, 0.00,  430,     ,UNDER,216.5,52.90,?,Washington Wizards,,Miami Heat,?
2024-03-31 12:43:15,76.40, 0.00,     , -590,UNDER,216.5,52.90,?,,Miami Heat,Miami Heat,?
2024-03-31 12:43:15,46.60, 4.81, -112,     ,UNDER,217.0,57.90,?,New York Knicks,,Oklahoma City Thunder,?
2024-03-31 12:43:15,53.40, 4.81,     , -104,UNDER,217.0,57.90,?,,Oklahoma City Thunder,Oklahoma City Thunder,?
2024-03-31 12:43:15,47.00, 0.00,  116,     , OVER,230.5,64.70,?,Houston Rockets,,Dallas Mavericks,?
2024-03-31 12:43:15,53.00, 0.00,     , -136, OVER,230.5,64.70,?,,Dallas Mavericks,Dallas Mavericks,?
2024-03-31 12:43:15,75.40, 0.00, -375,     ,UNDER,213.5,52.40,?,Minnesota Timberwolves,,Minnesota Timberwolves,?
2024-03-31 12:43:15,24.60, 0.00,     ,  300,UNDER,213.5,52.40,?,,Chicago Bulls,Minnesota Timberwolves,?
2024-03-31 12:43:15,33.80, 0.00,  300,     ,UNDER,227.0,64.00,?,San Antonio Spurs,,Golden State Warriors,?
2024-03-31 12:43:15,66.20, 0.00,     , -375,UNDER,227.0,64.00,?,,Golden State Warriors,Golden State Warriors,?
2024-03-31 12:43:15,66.90,22.08, -900,     , OVER,221.5,82.00,?,Sacramento Kings,,Sacramento Kings,?
2024-03-31 12:43:15,33.10,22.08,     ,  610, OVER,221.5,82.00,?,,Utah Jazz,Sacramento Kings,?
2024-04-01 08:16:51,41.30,26.43, -152,     , OVER,215.0,69.40,?,Detroit Pistons,,Memphis Grizzlies,?
2024-04-01 08:16:51,58.70,26.43,     ,  128, OVER,215.0,69.40,?,,Memphis Grizzlies,Memphis Grizzlies,?
2024-04-01 08:16:51,83.00, 7.81,-1600,     ,UNDER,208.0,53.20,?,Orlando Magic,,Orlando Magic,?
2024-04-01 08:16:51,17.00, 7.81,     ,  900,UNDER,208.0,53.20,?,,Portland Trail Blazers,Orlando Magic,?
2024-04-01 08:16:51,21.90, 0.00, 1040,     ,UNDER,218.5,74.60,?,Charlotte Hornets,,Boston Celtics,?
2024-04-01 08:16:51,78.10, 0.00,     ,-2000,UNDER,218.5,74.60,?,,Boston Celtics,Boston Celtics,?
2024-04-01 08:16:51,70.80,14.42, -650,     ,UNDER,227.5,62.40,?,Indiana Pacers,,Indiana Pacers,?
2024-04-01 08:16:51,29.20,14.42,     ,  480,UNDER,227.5,62.40,?,,Brooklyn Nets,Indiana Pacers,?
2024-04-01 08:16:51,51.40, 7.13, -146,     ,UNDER,223.5,63.70,?,Chicago Bulls,,Chicago Bulls,?
2024-04-01 08:16:51,48.60, 7.13,     ,  124,UNDER,223.5,63.70,?,,Atlanta Hawks,Chicago Bulls,?
2024-04-01 08:16:51,58.60, 0.00, -104,     ,UNDER,225.0,88.40,?,New Orleans Pelicans,,New Orleans Pelicans,?
2024-04-01 08:16:51,41.40, 0.00,     , -112,UNDER,225.0,88.40,?,,Phoenix Suns,New Orleans Pelicans,?
2024-04-01 08:23:46,41.30, 0.00, -152,     , OVER,215.0,69.40,?,Detroit Pistons,,Memphis Grizzlies,?
2024-04-01 08:23:46,58.70,26.43,     ,  128, OVER,215.0,69.40,?,,Memphis Grizzlies,Memphis Grizzlies,?
2024-04-01 08:23:46,21.90,14.43, 1040,     ,UNDER,218.5,74.60,?,Charlotte Hornets,,Boston Celtics,?
2024-04-01 08:23:46,78.10, 0.00,     ,-2000,UNDER,218.5,74.60,?,,Boston Celtics,Boston Celtics,?
2024-04-01 08:23:46,70.80, 0.00, -650,     ,UNDER,227.5,62.40,?,Indiana Pacers,,Indiana Pacers,?
2024-04-01 08:23:46,29.20,14.42,     ,  480,UNDER,227.5,62.40,?,,Brooklyn Nets,Indiana Pacers,?
2024-04-01 08:23:46,83.00, 0.00,-1600,     ,UNDER,208.5,51.50,?,Orlando Magic,,Orlando Magic,?
2024-04-01 08:23:46,17.00, 7.81,     ,  900,UNDER,208.5,51.50,?,,Portland Trail Blazers,Orlando Magic,?
2024-04-01 08:23:46,51.40, 0.00, -146,     ,UNDER,223.0,63.70,?,Chicago Bulls,,Chicago Bulls,?
2024-04-01 08:23:46,48.60, 7.13,     ,  124,UNDER,223.0,63.70,?,,Atlanta Hawks,Chicago Bulls,?
2024-04-01 08:23:46,58.60,15.55, -104,     ,UNDER,225.0,88.40,?,New Orleans Pelicans,,New Orleans Pelicans,?
2024-04-01 08:23:46,41.40, 0.00,     , -112,UNDER,225.0,88.40,?,,Phoenix Suns,New Orleans Pelicans,?
2024-04-01 23:04:49,23.10,16.64, 1200,     ,UNDER,219.5,71.30,?,Charlotte Hornets,,Boston Celtics,?
2024-04-01 23:04:49,76.90, 0.00,     ,-2500,UNDER,219.5,71.30,?,,Boston Celtics,Boston Celtics,?
2024-04-01 23:04:49,83.10, 0.00,-2200,     , OVER,210.5,55.10,?,Orlando Magic,,Orlando Magic,?
2024-04-01 23:04:49,16.90, 9.33,     , 1100, OVER,210.5,55.10,?,,Portland Trail Blazers,Orlando Magic,?
2024-04-01 23:04:49,45.10, 0.00, -144,     , OVER,216.5,61.90,?,Detroit Pistons,,Memphis Grizzlies,?
2024-04-01 23:04:49,54.90,17.98,     ,  122, OVER,216.5,61.90,?,,Memphis Grizzlies,Memphis Grizzlies,?
2024-04-01 23:04:49,74.20, 0.00, -700,     ,UNDER,227.5,54.30,?,Indiana Pacers,,Indiana Pacers,?
2024-04-01 23:04:49,25.80,11.01,     ,  500,UNDER,227.5,54.30,?,,Brooklyn Nets,Indiana Pacers,?
2024-04-01 23:04:49,58.60,12.02, -112,     ,UNDER,222.5,86.80,?,New Orleans Pelicans,,New Orleans Pelicans,?
2024-04-01 23:04:49,41.40, 0.00,     , -104,UNDER,222.5,86.80,?,,Phoenix Suns,New Orleans Pelicans,?
2024-04-01 23:04:49,52.70, 0.00, -134,     ,UNDER,221.0,50.10,?,Chicago Bulls,,Chicago Bulls,?
2024-04-01 23:04:49,47.30, 1.04,     ,  114,UNDER,221.0,50.10,?,,Atlanta Hawks,Chicago Bulls,?
2024-04-01 23:15:25,23.10,16.64, 1200,     ,UNDER,219.5,71.30,?,Charlotte Hornets,,Boston Celtics,?
2024-04-01 23:15:25,76.90, 0.00,     ,-2500,UNDER,219.5,71.30,?,,Boston Celtics,Boston Celtics,?
2024-04-01 23:15:25,83.10, 0.00,-2200,     , OVER,210.5,55.10,?,Orlando Magic,,Orlando Magic,?
2024-04-01 23:15:25,16.90, 9.33,     , 1100, OVER,210.5,55.10,?,,Portland Trail Blazers,Orlando Magic,?
2024-04-01 23:15:25,45.10, 0.00, -144,     , OVER,216.5,61.90,?,Detroit Pistons,,Memphis Grizzlies,?
2024-04-01 23:15:25,54.90,17.98,     ,  122, OVER,216.5,61.90,?,,Memphis Grizzlies,Memphis Grizzlies,?
2024-04-01 23:15:25,74.20, 0.00, -700,     ,UNDER,227.5,54.30,?,Indiana Pacers,,Indiana Pacers,?
2024-04-01 23:15:25,25.80,11.01,     ,  500,UNDER,227.5,54.30,?,,Brooklyn Nets,Indiana Pacers,?
2024-04-01 23:15:25,52.70, 0.00, -134,     ,UNDER,221.0,50.10,?,Chicago Bulls,,Chicago Bulls,?
2024-04-01 23:15:25,47.30, 1.04,     ,  114,UNDER,221.0,50.10,?,,Atlanta Hawks,Chicago Bulls,?
2024-04-01 23:15:25,58.60,12.02, -112,     ,UNDER,222.5,86.80,?,New Orleans Pelicans,,New Orleans Pelicans,?
2024-04-01 23:15:25,41.40, 0.00,     , -104,UNDER,222.5,86.80,?,,Phoenix Suns,New Orleans Pelicans,?
2024-04-01 23:15:55,23.10,16.64, 1200,     ,UNDER,219.5,71.30,?,Charlotte Hornets,,Boston Celtics,?
2024-04-01 23:15:55,76.90, 0.00,     ,-2500,UNDER,219.5,71.30,?,,Boston Celtics,Boston Celtics,?
2024-04-01 23:15:55,83.10, 0.00,-2200,     , OVER,210.5,55.10,?,Orlando Magic,,Orlando Magic,?
2024-04-01 23:15:55,16.90, 9.33,     , 1100, OVER,210.5,55.10,?,,Portland Trail Blazers,Orlando Magic,?
2024-04-01 23:15:55,45.10, 0.00, -144,     , OVER,216.5,61.90,?,Detroit Pistons,,Memphis Grizzlies,?
2024-04-01 23:15:55,54.90,17.98,     ,  122, OVER,216.5,61.90,?,,Memphis Grizzlies,Memphis Grizzlies,?
2024-04-01 23:15:55,74.20, 0.00, -700,     ,UNDER,227.5,54.30,?,Indiana Pacers,,Indiana Pacers,?
2024-04-01 23:15:55,25.80,11.01,     ,  500,UNDER,227.5,54.30,?,,Brooklyn Nets,Indiana Pacers,?
2024-04-01 23:15:55,52.70, 0.00, -134,     ,UNDER,221.0,50.10,?,Chicago Bulls,,Chicago Bulls,?
2024-04-01 23:15:55,47.30, 1.04,     ,  114,UNDER,221.0,50.10,?,,Atlanta Hawks,Chicago Bulls,?
2024-04-01 23:15:55,58.60,12.02, -112,     ,UNDER,222.5,86.80,?,New Orleans Pelicans,,New Orleans Pelicans,?
2024-04-01 23:15:55,41.40, 0.00,     , -104,UNDER,222.5,86.80,?,,Phoenix Suns,New Orleans Pelicans,?
2024-04-01 23:16:41,27.50,15.58,  610,     ,UNDER,230.5,73.30,?,Toronto Raptors,,Los Angeles Lakers,?
2024-04-01 23:16:41,72.50, 0.00,     , -900,UNDER,230.5,73.30,?,,Los Angeles Lakers,Los Angeles Lakers,?
2024-04-01 23:16:41,20.10, 8.74,  700,     , OVER,228.0,66.30,?,Washington Wizards,,Milwaukee Bucks,?
2024-04-01 23:16:41,79.90, 0.00,     ,-1100, OVER,228.0,66.30,?,,Milwaukee Bucks,Milwaukee Bucks,?
2024-04-01 23:16:41,38.40, 1.33,  166,     ,UNDER,225.0,80.00,?,Philadelphia 76ers,,Oklahoma City Thunder,?
2024-04-01 23:16:41,61.60, 0.00,     , -198,UNDER,225.0,80.00,?,,Oklahoma City Thunder,Oklahoma City Thunder,?
2024-04-01 23:16:41,48.70, 0.00, -146,     , OVER,207.5,74.70,?,Miami Heat,,New York Knicks,?
2024-04-01 23:16:41,51.30,12.04,     ,  124, OVER,207.5,74.70,?,,New York Knicks,New York Knicks,?
2024-04-01 23:16:41,73.30, 0.00, -350,     ,UNDER,216.5,68.20,?,Minnesota Timberwolves,,Minnesota Timberwolves,?
2024-04-01 23:16:41,26.70, 0.52,     ,  280,UNDER,216.5,68.20,?,,Houston Rockets,Minnesota Timberwolves,?
2024-04-01 23:16:41,30.40,17.32,  530,     ,UNDER,213.0,53.80,?,Utah Jazz,,Cleveland Cavaliers,?
2024-04-01 23:16:41,69.60, 0.00,     , -750,UNDER,213.0,53.80,?,,Cleveland Cavaliers,Cleveland Cavaliers,?
2024-04-01 23:16:41,83.60, 0.00,-2000,     , OVER,223.0,52.00,?,Denver Nuggets,,Denver Nuggets,?
2024-04-01 23:16:41,16.40, 8.34,     , 1040, OVER,223.0,52.00,?,,San Antonio Spurs,Denver Nuggets,?
2024-04-01 23:16:41,48.40, 0.00, -112,     , OVER,233.5,50.40,?,Golden State Warriors,,Dallas Mavericks,?
2024-04-01 23:16:41,51.60, 1.15,     , -104, OVER,233.5,50.40,?,,Dallas Mavericks,Dallas Mavericks,?
2024-04-01 23:16:41,36.80, 0.00,  118,     , OVER,221.5,55.00,?,Sacramento Kings,,LA Clippers,?
2024-04-01 23:16:41,63.20,12.04,     , -138, OVER,221.5,55.00,?,,LA Clippers,LA Clippers,?
2024-04-01 23:25:29,27.50,15.58,  610,     ,UNDER,230.5,73.30,?,Toronto Raptors,,Los Angeles Lakers,?
2024-04-01 23:25:29,72.50, 0.00,     , -900,UNDER,230.5,73.30,?,,Los Angeles Lakers,Los Angeles Lakers,?
2024-04-01 23:25:29,20.10, 8.74,  700,     , OVER,228.0,66.30,?,Washington Wizards,,Milwaukee Bucks,?
2024-04-01 23:25:29,79.90, 0.00,     ,-1100, OVER,228.0,66.30,?,,Milwaukee Bucks,Milwaukee Bucks,?
2024-04-01 23:25:29,38.40, 1.33,  166,     ,UNDER,225.0,80.00,?,Philadelphia 76ers,,Oklahoma City Thunder,?
2024-04-01 23:25:29,61.60, 0.00,     , -198,UNDER,225.0,80.00,?,,Oklahoma City Thunder,Oklahoma City Thunder,?
2024-04-01 23:25:29,48.70, 0.00, -146,     , OVER,207.5,74.70,?,Miami Heat,,New York Knicks,?
2024-04-01 23:25:29,51.30,12.04,     ,  124, OVER,207.5,74.70,?,,New York Knicks,New York Knicks,?
2024-04-01 23:25:29,73.30, 0.00, -350,     ,UNDER,216.5,68.20,?,Minnesota Timberwolves,,Minnesota Timberwolves,?
2024-04-01 23:25:29,26.70, 0.52,     ,  280,UNDER,216.5,68.20,?,,Houston Rockets,Minnesota Timberwolves,?
2024-04-01 23:25:29,30.40,17.32,  530,     ,UNDER,213.0,53.80,?,Utah Jazz,,Cleveland Cavaliers,?
2024-04-01 23:25:29,69.60, 0.00,     , -750,UNDER,213.0,53.80,?,,Cleveland Cavaliers,Cleveland Cavaliers,?
2024-04-01 23:25:29,83.60, 0.00,-2000,     , OVER,223.0,52.00,?,Denver Nuggets,,Denver Nuggets,?
2024-04-01 23:25:29,16.40, 8.34,     , 1040, OVER,223.0,52.00,?,,San Antonio Spurs,Denver Nuggets,?
2024-04-01 23:25:29,48.40, 0.00, -112,     , OVER,233.5,50.40,?,Golden State Warriors,,Dallas Mavericks,?
2024-04-01 23:25:29,51.60, 1.15,     , -104, OVER,233.5,50.40,?,,Dallas Mavericks,Dallas Mavericks,?
2024-04-01 23:25:29,36.80, 0.00,  118,     , OVER,221.5,55.00,?,Sacramento Kings,,LA Clippers,?
2024-04-01 23:25:29,63.20,12.04,     , -138, OVER,221.5,55.00,?,,LA Clippers,LA Clippers,?
2024-04-01 23:26:45,27.50,15.58,  610,     ,UNDER,230.5,73.30,?,Toronto Raptors,,Los Angeles Lakers,?
2024-04-01 23:26:45,72.50, 0.00,     , -900,UNDER,230.5,73.30,?,,Los Angeles Lakers,Los Angeles Lakers,?
2024-04-01 23:26:45,20.10, 8.74,  700,     , OVER,228.0,66.30,?,Washington Wizards,,Milwaukee Bucks,?
2024-04-01 23:26:45,79.90, 0.00,     ,-1100, OVER,228.0,66.30,?,,Milwaukee Bucks,Milwaukee Bucks,?
2024-04-01 23:26:45,38.40, 1.33,  166,     ,UNDER,225.0,80.00,?,Philadelphia 76ers,,Oklahoma City Thunder,?
2024-04-01 23:26:45,61.60, 0.00,     , -198,UNDER,225.0,80.00,?,,Oklahoma City Thunder,Oklahoma City Thunder,?
2024-04-01 23:26:45,48.70, 0.00, -146,     , OVER,207.5,74.70,?,Miami Heat,,New York Knicks,?
2024-04-01 23:26:45,51.30,12.04,     ,  124, OVER,207.5,74.70,?,,New York Knicks,New York Knicks,?
2024-04-01 23:26:45,73.30, 0.00, -350,     ,UNDER,216.5,68.20,?,Minnesota Timberwolves,,Minnesota Timberwolves,?
2024-04-01 23:26:45,26.70, 0.52,     ,  280,UNDER,216.5,68.20,?,,Houston Rockets,Minnesota Timberwolves,?
2024-04-01 23:26:45,30.40,17.32,  530,     ,UNDER,213.0,53.80,?,Utah Jazz,,Cleveland Cavaliers,?
2024-04-01 23:26:45,69.60, 0.00,     , -750,UNDER,213.0,53.80,?,,Cleveland Cavaliers,Cleveland Cavaliers,?
2024-04-01 23:26:45,83.60, 0.00,-2000,     , OVER,223.0,52.00,?,Denver Nuggets,,Denver Nuggets,?
2024-04-01 23:26:45,16.40, 8.34,     , 1040, OVER,223.0,52.00,?,,San Antonio Spurs,Denver Nuggets,?
2024-04-01 23:26:45,48.40, 0.00, -112,     , OVER,233.5,50.40,?,Golden State Warriors,,Dallas Mavericks,?
2024-04-01 23:26:45,51.60, 1.15,     , -104, OVER,233.5,50.40,?,,Dallas Mavericks,Dallas Mavericks,?
2024-04-01 23:26:45,36.80, 0.00,  118,     , OVER,221.5,55.00,?,Sacramento Kings,,LA Clippers,?
2024-04-01 23:26:45,63.20,12.04,     , -138, OVER,221.5,55.00,?,,LA Clippers,LA Clippers,?
2024-04-01 23:47:22,27.50,15.58,  610,     ,UNDER,230.5,73.30,?,Toronto Raptors,,Los Angeles Lakers,?
2024-04-01 23:47:22,72.50, 0.00,     , -900,UNDER,230.5,73.30,?,,Los Angeles Lakers,Los Angeles Lakers,?
2024-04-01 23:47:22,20.10, 8.68,  700,     , OVER,228.0,73.80,?,Washington Wizards,,Milwaukee Bucks,?
2024-04-01 23:47:22,79.90, 0.00,     ,-1100, OVER,228.0,73.80,?,,Milwaukee Bucks,Milwaukee Bucks,?
2024-04-01 23:47:22,38.40, 1.33,  166,     ,UNDER,225.0,80.00,?,Philadelphia 76ers,,Oklahoma City Thunder,?
2024-04-01 23:47:22,61.60, 0.00,     , -198,UNDER,225.0,80.00,?,,Oklahoma City Thunder,Oklahoma City Thunder,?
2024-04-01 23:47:22,48.70, 0.00, -146,     , OVER,207.5,74.70,?,Miami Heat,,New York Knicks,?
2024-04-01 23:47:22,51.30,12.04,     ,  124, OVER,207.5,74.70,?,,New York Knicks,New York Knicks,?
2024-04-01 23:47:22,73.30, 0.00, -350,     ,UNDER,216.5,68.20,?,Minnesota Timberwolves,,Minnesota Timberwolves,?
2024-04-01 23:47:22,26.70, 0.52,     ,  280,UNDER,216.5,68.20,?,,Houston Rockets,Minnesota Timberwolves,?
2024-04-01 23:47:22,30.40,17.56,  540,     , OVER,214.5,62.40,?,Utah Jazz,,Cleveland Cavaliers,?
2024-04-01 23:47:22,69.60, 0.00,     , -770, OVER,214.5,62.40,?,,Cleveland Cavaliers,Cleveland Cavaliers,?
2024-04-01 23:47:22,83.60, 0.00,-2000,     , OVER,223.0,52.00,?,Denver Nuggets,,Denver Nuggets,?
2024-04-01 23:47:22,16.40, 8.34,     , 1040, OVER,223.0,52.00,?,,San Antonio Spurs,Denver Nuggets,?
2024-04-01 23:47:22,48.40, 0.00, -112,     , OVER,233.5,50.40,?,Golden State Warriors,,Dallas Mavericks,?
2024-04-01 23:47:22,51.60, 1.15,     , -104, OVER,233.5,50.40,?,,Dallas Mavericks,Dallas Mavericks,?
2024-04-01 23:47:22,36.80, 0.00,  118,     , OVER,221.5,55.00,?,Sacramento Kings,,LA Clippers,?
2024-04-01 23:47:22,63.20,12.04,     , -138, OVER,221.5,55.00,?,,LA Clippers,LA Clippers,?
2024-04-02 06:43:01,55.10, 0.00, None,     , OVER,  0.0,59.20,?,Charlotte Hornets,,Charlotte Hornets,?
2024-04-02 06:43:01,44.90, 0.00,     , None, OVER,  0.0,59.20,?,,Portland Trail Blazers,Charlotte Hornets,?
2024-04-02 06:43:01,22.60, 0.00, None,     ,UNDER,  0.0,71.10,?,Washington Wizards,,Los Angeles Lakers,?
2024-04-02 06:43:01,77.40, 0.00,     , None,UNDER,  0.0,71.10,?,,Los Angeles Lakers,Los Angeles Lakers,?
2024-04-02 06:43:01,58.20, 0.00, None,     ,UNDER,  0.0,94.60,?,Boston Celtics,,Boston Celtics,?
2024-04-02 06:43:01,41.80, 0.00,     , None,UNDER,  0.0,94.60,?,,Oklahoma City Thunder,Boston Celtics,?
2024-04-02 06:43:01,47.10, 0.00, None,     ,UNDER,  0.0,90.00,?,Brooklyn Nets,,Indiana Pacers,?
2024-04-02 06:43:01,52.90, 0.00,     , None,UNDER,  0.0,90.00,?,,Indiana Pacers,Indiana Pacers,?
2024-04-02 06:43:01,74.40, 0.00, None,     ,UNDER,  0.0,77.50,?,Atlanta Hawks,,Atlanta Hawks,?
2024-04-02 06:43:01,25.60, 0.00,     , None,UNDER,  0.0,77.50,?,,Detroit Pistons,Atlanta Hawks,?
2024-04-02 06:43:01,81.90, 0.00, None,     ,UNDER,  0.0,59.30,?,Minnesota Timberwolves,,Minnesota Timberwolves,?
2024-04-02 06:43:01,18.10, 0.00,     , None,UNDER,  0.0,59.30,?,,Toronto Raptors,Minnesota Timberwolves,?
2024-04-02 06:43:01,68.20, 0.00, None,     ,UNDER,  0.0,95.30,?,New Orleans Pelicans,,New Orleans Pelicans,?
2024-04-02 06:43:01,31.80, 0.00,     , None,UNDER,  0.0,95.30,?,,Orlando Magic,New Orleans Pelicans,?
2024-04-02 06:43:01,83.60, 0.00, None,     ,UNDER,  0.0,91.10,?,Milwaukee Bucks,,Milwaukee Bucks,?
2024-04-02 06:43:01,16.40, 0.00,     , None,UNDER,  0.0,91.10,?,,Memphis Grizzlies,Milwaukee Bucks,?
2024-04-02 06:43:01,55.90, 0.00, None,     ,UNDER,  0.0,84.20,?,Phoenix Suns,,Phoenix Suns,?
2024-04-02 06:43:01,44.10, 0.00,     , None,UNDER,  0.0,84.20,?,,Cleveland Cavaliers,Phoenix Suns,?
2024-04-02 22:10:01,55.10, 1.01, -120,     , OVER,213.0,74.40,?,Charlotte Hornets,,Charlotte Hornets,?
2024-04-02 22:10:01,44.90, 0.00,     ,  102, OVER,213.0,74.40,?,,Portland Trail Blazers,Charlotte Hornets,?
2024-04-02 22:10:01,22.20,11.84,  750,     , OVER,233.0,65.60,?,Washington Wizards,,Los Angeles Lakers,?
2024-04-02 22:10:01,77.80, 0.00,     ,-1200, OVER,233.0,65.60,?,,Los Angeles Lakers,Los Angeles Lakers,?
2024-04-02 22:10:01,58.20, 0.00, -370,     ,UNDER,227.5,95.30,?,Boston Celtics,,Boston Celtics,?
2024-04-02 22:10:01,41.80,22.06,     ,  295,UNDER,227.5,95.30,?,,Oklahoma City Thunder,Boston Celtics,?
2024-04-02 22:10:01,47.10,27.13,  265,     ,UNDER,230.5,85.40,?,Brooklyn Nets,,Indiana Pacers,?
2024-04-02 22:10:01,52.90, 0.00,     , -330,UNDER,230.5,85.40,?,,Indiana Pacers,Indiana Pacers,?
2024-04-02 22:10:01,74.40, 0.00, -950,     , OVER,222.0,55.10,?,Atlanta Hawks,,Atlanta Hawks,?
2024-04-02 22:10:01,25.60,13.93,     ,  640, OVER,222.0,55.10,?,,Detroit Pistons,Atlanta Hawks,?
2024-04-02 22:10:01,82.00, 0.00,-1350,     , OVER,215.5,73.50,?,Minnesota Timberwolves,,Minnesota Timberwolves,?
2024-04-02 22:10:01,18.00, 7.84,     ,  810, OVER,215.5,73.50,?,,Toronto Raptors,Minnesota Timberwolves,?
2024-04-02 22:10:01,68.20,13.25, -172,     ,UNDER,209.0,55.20,?,New Orleans Pelicans,,New Orleans Pelicans,?
2024-04-02 22:10:01,31.80, 0.00,     ,  144,UNDER,209.0,55.20,?,,Orlando Magic,New Orleans Pelicans,?
2024-04-02 22:10:01,83.70, 0.00, -900,     ,UNDER,223.0,59.60,?,Milwaukee Bucks,,Milwaukee Bucks,?
2024-04-02 22:10:01,16.30, 2.57,     ,  610,UNDER,223.0,59.60,?,,Memphis Grizzlies,Milwaukee Bucks,?
2024-04-02 22:10:01,55.90, 0.00, -255,     ,UNDER,223.5,74.50,?,Phoenix Suns,,Phoenix Suns,?
2024-04-02 22:10:01,44.10,17.43,     ,  210,UNDER,223.5,74.50,?,,Cleveland Cavaliers,Phoenix Suns,?
2024-04-03 02:52:19,60.20, 0.00, None,     ,UNDER,  0.0,74.90,?,Miami Heat,,Miami Heat,?
2024-04-03 02:52:19,39.80, 0.00,     , None,UNDER,  0.0,74.90,?,,Philadelphia 76ers,Miami Heat,?
2024-04-03 02:52:19,65.20, 0.00, None,     ,UNDER,  0.0,94.00,?,New York Knicks,,New York Knicks,?
2024-04-03 02:52:19,34.80, 0.00,     , None,UNDER,  0.0,94.00,?,,Sacramento Kings,New York Knicks,?
2024-04-03 02:52:19,67.90, 0.00, None,     ,UNDER,  0.0,69.60,?,Dallas Mavericks,,Dallas Mavericks,?
2024-04-03 02:52:19,32.10, 0.00,     , None,UNDER,  0.0,69.60,?,,Atlanta Hawks,Dallas Mavericks,?
2024-04-03 02:52:19,55.50, 0.00, None,     ,UNDER,  0.0,70.70,?,Houston Rockets,,Houston Rockets,?
2024-04-03 02:52:19,44.50, 0.00,     , None,UNDER,  0.0,70.70,?,,Golden State Warriors,Houston Rockets,?
2024-04-03 02:52:19,63.20, 0.00, None,     ,UNDER,  0.0,96.00,?,LA Clippers,,LA Clippers,?
2024-04-03 02:52:19,36.80, 0.00,     , None,UNDER,  0.0,96.00,?,,Denver Nuggets,LA Clippers,?
2024-04-03 02:53:27,60.20, 0.00, None,     ,UNDER,  0.0,74.90,?,Miami Heat,,Miami Heat,?
2024-04-03 02:53:27,39.80, 0.00,     , None,UNDER,  0.0,74.90,?,,Philadelphia 76ers,Miami Heat,?
2024-04-03 02:53:27,65.20, 0.00, None,     ,UNDER,  0.0,94.00,?,New York Knicks,,New York Knicks,?
2024-04-03 02:53:27,34.80, 0.00,     , None,UNDER,  0.0,94.00,?,,Sacramento Kings,New York Knicks,?
2024-04-03 02:53:27,67.90, 0.00, None,     ,UNDER,  0.0,69.60,?,Dallas Mavericks,,Dallas Mavericks,?
2024-04-03 02:53:27,32.10, 0.00,     , None,UNDER,  0.0,69.60,?,,Atlanta Hawks,Dallas Mavericks,?
2024-04-03 02:53:27,55.50, 0.00, None,     ,UNDER,  0.0,70.70,?,Houston Rockets,,Houston Rockets,?
2024-04-03 02:53:27,44.50, 0.00,     , None,UNDER,  0.0,70.70,?,,Golden State Warriors,Houston Rockets,?
2024-04-03 02:53:27,63.20, 0.00, None,     ,UNDER,  0.0,96.00,?,LA Clippers,,LA Clippers,?
2024-04-03 02:53:27,36.80, 0.00,     , None,UNDER,  0.0,96.00,?,,Denver Nuggets,LA Clippers,?
2024-04-03 02:56:18,60.20, 0.00, None,     ,UNDER,  0.0,74.90,?,Miami Heat,,Miami Heat,?
2024-04-03 02:56:18,39.80, 0.00,     , None,UNDER,  0.0,74.90,?,,Philadelphia 76ers,Miami Heat,?
2024-04-03 02:56:18,65.20, 0.00, None,     ,UNDER,  0.0,94.00,?,New York Knicks,,New York Knicks,?
2024-04-03 02:56:18,34.80, 0.00,     , None,UNDER,  0.0,94.00,?,,Sacramento Kings,New York Knicks,?
2024-04-03 02:56:18,67.90, 0.00, None,     ,UNDER,  0.0,69.60,?,Dallas Mavericks,,Dallas Mavericks,?
2024-04-03 02:56:18,32.10, 0.00,     , None,UNDER,  0.0,69.60,?,,Atlanta Hawks,Dallas Mavericks,?
2024-04-03 02:56:18,55.50, 0.00, None,     ,UNDER,  0.0,70.70,?,Houston Rockets,,Houston Rockets,?
2024-04-03 02:56:18,44.50, 0.00,     , None,UNDER,  0.0,70.70,?,,Golden State Warriors,Houston Rockets,?
2024-04-03 02:56:18,63.20, 0.00, None,     ,UNDER,  0.0,96.00,?,LA Clippers,,LA Clippers,?
2024-04-03 02:56:18,36.80, 0.00,     , None,UNDER,  0.0,96.00,?,,Denver Nuggets,LA Clippers,?
2024-04-03 02:57:54,60.20, 0.00, None,     ,UNDER,  0.0,74.90,?,Miami Heat,,Miami Heat,?
2024-04-03 02:57:54,39.80, 0.00,     , None,UNDER,  0.0,74.90,?,,Philadelphia 76ers,Miami Heat,?
2024-04-03 02:57:54,65.20, 0.00, None,     ,UNDER,  0.0,94.00,?,New York Knicks,,New York Knicks,?
2024-04-03 02:57:54,34.80, 0.00,     , None,UNDER,  0.0,94.00,?,,Sacramento Kings,New York Knicks,?
2024-04-03 02:57:54,67.90, 0.00, None,     ,UNDER,  0.0,69.60,?,Dallas Mavericks,,Dallas Mavericks,?
2024-04-03 02:57:54,32.10, 0.00,     , None,UNDER,  0.0,69.60,?,,Atlanta Hawks,Dallas Mavericks,?
2024-04-03 02:57:54,55.50, 0.00, None,     ,UNDER,  0.0,70.70,?,Houston Rockets,,Houston Rockets,?
2024-04-03 02:57:54,44.50, 0.00,     , None,UNDER,  0.0,70.70,?,,Golden State Warriors,Houston Rockets,?
2024-04-03 02:57:54,63.20, 0.00, None,     ,UNDER,  0.0,96.00,?,LA Clippers,,LA Clippers,?
2024-04-03 02:57:54,36.80, 0.00,     , None,UNDER,  0.0,96.00,?,,Denver Nuggets,LA Clippers,?
2024-04-03 02:58:17,60.20, 0.00, None,     ,UNDER,  0.0,74.90,?,Miami Heat,,Miami Heat,?
2024-04-03 02:58:17,39.80, 0.00,     , None,UNDER,  0.0,74.90,?,,Philadelphia 76ers,Miami Heat,?
2024-04-03 02:58:17,65.20, 0.00, None,     ,UNDER,  0.0,94.00,?,New York Knicks,,New York Knicks,?
2024-04-03 02:58:17,34.80, 0.00,     , None,UNDER,  0.0,94.00,?,,Sacramento Kings,New York Knicks,?
2024-04-03 02:58:17,67.90, 0.00, None,     ,UNDER,  0.0,69.60,?,Dallas Mavericks,,Dallas Mavericks,?
2024-04-03 02:58:17,32.10, 0.00,     , None,UNDER,  0.0,69.60,?,,Atlanta Hawks,Dallas Mavericks,?
2024-04-03 02:58:17,55.50, 0.00, None,     ,UNDER,  0.0,70.70,?,Houston Rockets,,Houston Rockets,?
2024-04-03 02:58:17,44.50, 0.00,     , None,UNDER,  0.0,70.70,?,,Golden State Warriors,Houston Rockets,?
2024-04-03 02:58:17,63.20, 0.00, None,     ,UNDER,  0.0,96.00,?,LA Clippers,,LA Clippers,?
2024-04-03 02:58:17,36.80, 0.00,     , None,UNDER,  0.0,96.00,?,,Denver Nuggets,LA Clippers,?
2024-04-03 02:59:02,60.20, 0.00, None,     ,UNDER,  0.0,74.90,?,Miami Heat,,Miami Heat,?
2024-04-03 02:59:02,39.80, 0.00,     , None,UNDER,  0.0,74.90,?,,Philadelphia 76ers,Miami Heat,?
2024-04-03 02:59:02,65.20, 0.00, None,     ,UNDER,  0.0,94.00,?,New York Knicks,,New York Knicks,?
2024-04-03 02:59:02,34.80, 0.00,     , None,UNDER,  0.0,94.00,?,,Sacramento Kings,New York Knicks,?
2024-04-03 02:59:02,67.90, 0.00, None,     ,UNDER,  0.0,69.60,?,Dallas Mavericks,,Dallas Mavericks,?
2024-04-03 02:59:02,32.10, 0.00,     , None,UNDER,  0.0,69.60,?,,Atlanta Hawks,Dallas Mavericks,?
2024-04-03 02:59:02,55.50, 0.00, None,     ,UNDER,  0.0,70.70,?,Houston Rockets,,Houston Rockets,?
2024-04-03 02:59:02,44.50, 0.00,     , None,UNDER,  0.0,70.70,?,,Golden State Warriors,Houston Rockets,?
2024-04-03 02:59:02,63.20, 0.00, None,     ,UNDER,  0.0,96.00,?,LA Clippers,,LA Clippers,?
2024-04-03 02:59:02,36.80, 0.00,     , None,UNDER,  0.0,96.00,?,,Denver Nuggets,LA Clippers,?
2024-04-03 02:59:37,53.00, 0.00, -138,     , OVER,212.5,69.10,?,Charlotte Hornets,,Charlotte Hornets,?
2024-04-03 02:59:37,47.00, 2.11,     ,  118, OVER,212.5,69.10,?,,Portland Trail Blazers,Charlotte Hornets,?
2024-04-03 02:59:37,24.10,13.97,  750,     , OVER,234.5,61.20,?,Washington Wizards,,Los Angeles Lakers,?
2024-04-03 02:59:37,75.90, 0.00,     ,-1200, OVER,234.5,61.20,?,,Los Angeles Lakers,Los Angeles Lakers,?
2024-04-03 02:59:37,66.50, 0.00, -360,     ,UNDER,230.5,97.60,?,Boston Celtics,,Boston Celtics,?
2024-04-03 02:59:37,33.50,10.51,     ,  290,UNDER,230.5,97.60,?,,Oklahoma City Thunder,Boston Celtics,?
2024-04-03 02:59:37,42.70,20.73,  260,     ,UNDER,230.5,78.40,?,Brooklyn Nets,,Indiana Pacers,?
2024-04-03 02:59:37,57.30, 0.00,     , -320,UNDER,230.5,78.40,?,,Indiana Pacers,Indiana Pacers,?
2024-04-03 02:59:37,72.60, 0.00, -770,     , OVER,223.0,59.00,?,Atlanta Hawks,,Atlanta Hawks,?
2024-04-03 02:59:37,27.40,13.92,     ,  540, OVER,223.0,59.00,?,,Detroit Pistons,Atlanta Hawks,?
2024-04-03 02:59:37,85.20, 0.00,-1350,     , OVER,215.5,70.20,?,Minnesota Timberwolves,,Minnesota Timberwolves,?
2024-04-03 02:59:37,14.80, 4.34,     ,  810, OVER,215.5,70.20,?,,Toronto Raptors,Minnesota Timberwolves,?
2024-04-03 02:59:37,62.80, 0.00, -188,     ,UNDER,209.5,59.70,?,New Orleans Pelicans,,New Orleans Pelicans,?
2024-04-03 02:59:37,37.20, 0.00,     ,  158,UNDER,209.5,59.70,?,,Orlando Magic,New Orleans Pelicans,?
2024-04-03 02:59:37,82.20, 0.00, -850,     ,UNDER,223.5,57.90,?,Milwaukee Bucks,,Milwaukee Bucks,?
2024-04-03 02:59:37,17.80, 3.93,     ,  590,UNDER,223.5,57.90,?,,Memphis Grizzlies,Milwaukee Bucks,?
2024-04-03 02:59:37,59.30, 0.00, -235,     ,UNDER,226.5,67.10,?,Phoenix Suns,,Phoenix Suns,?
2024-04-03 02:59:37,40.70,10.09,     ,  194,UNDER,226.5,67.10,?,,Cleveland Cavaliers,Phoenix Suns,?
2024-04-03 03:12:18,53.00, 0.00, -138,     , OVER,211.5,70.70,?,Charlotte Hornets,,Charlotte Hornets,?
2024-04-03 03:12:18,47.00, 2.11,     ,  118, OVER,211.5,70.70,?,,Portland Trail Blazers,Charlotte Hornets,?
2024-04-03 03:12:18,24.10,13.97,  750,     , OVER,234.0,60.80,?,Washington Wizards,,Los Angeles Lakers,?
2024-04-03 03:12:18,75.90, 0.00,     ,-1200, OVER,234.0,60.80,?,,Los Angeles Lakers,Los Angeles Lakers,?
2024-04-03 03:12:18,66.50, 0.00, -360,     ,UNDER,230.5,97.60,?,Boston Celtics,,Boston Celtics,?
2024-04-03 03:12:18,33.50,10.51,     ,  290,UNDER,230.5,97.60,?,,Oklahoma City Thunder,Boston Celtics,?
2024-04-03 03:12:18,42.70,20.73,  260,     ,UNDER,230.5,78.40,?,Brooklyn Nets,,Indiana Pacers,?
2024-04-03 03:12:18,57.30, 0.00,     , -320,UNDER,230.5,78.40,?,,Indiana Pacers,Indiana Pacers,?
2024-04-03 03:12:18,72.60, 0.00, -770,     , OVER,223.0,59.00,?,Atlanta Hawks,,Atlanta Hawks,?
2024-04-03 03:12:18,27.40,13.92,     ,  540, OVER,223.0,59.00,?,,Detroit Pistons,Atlanta Hawks,?
2024-04-03 03:12:18,85.20, 0.00,-1350,     , OVER,215.5,70.20,?,Minnesota Timberwolves,,Minnesota Timberwolves,?
2024-04-03 03:12:18,14.80, 4.34,     ,  810, OVER,215.5,70.20,?,,Toronto Raptors,Minnesota Timberwolves,?
2024-04-03 03:12:18,62.80, 0.00, -188,     ,UNDER,209.5,59.70,?,New Orleans Pelicans,,New Orleans Pelicans,?
2024-04-03 03:12:18,37.20, 0.00,     ,  158,UNDER,209.5,59.70,?,,Orlando Magic,New Orleans Pelicans,?
2024-04-03 03:12:18,82.20, 0.00, -850,     ,UNDER,222.5,58.00,?,Milwaukee Bucks,,Milwaukee Bucks,?
2024-04-03 03:12:18,17.80, 3.93,     ,  590,UNDER,222.5,58.00,?,,Memphis Grizzlies,Milwaukee Bucks,?
2024-04-03 03:12:18,59.30, 0.00, -235,     ,UNDER,226.5,67.10,?,Phoenix Suns,,Phoenix Suns,?
2024-04-03 03:12:18,40.70,10.09,     ,  194,UNDER,226.5,67.10,?,,Cleveland Cavaliers,Phoenix Suns,?
2024-04-03 03:23:51,52.98, 0.00, -138,     , OVER,211.5,70.70,?,Charlotte Hornets,,Charlotte Hornets,?
2024-04-03 03:23:51,47.02, 2.11,     ,  118, OVER,211.5,70.70,?,,Portland Trail Blazers,Charlotte Hornets,?
2024-04-03 03:23:51,75.91,13.97,  750,     , OVER,234.0,60.80,?,Washington Wizards,,Los Angeles Lakers,?
2024-04-03 03:23:51,75.91, 0.00,     ,-1200, OVER,234.0,60.80,?,,Los Angeles Lakers,Los Angeles Lakers,?
2024-04-03 03:23:51,57.25,20.73,  260,     ,UNDER,230.5,78.40,?,Brooklyn Nets,,Indiana Pacers,?
2024-04-03 03:23:51,57.25, 0.00,     , -320,UNDER,230.5,78.40,?,,Indiana Pacers,Indiana Pacers,?
2024-04-03 03:23:51,72.63, 0.00, -770,     , OVER,223.0,59.00,?,Atlanta Hawks,,Atlanta Hawks,?
2024-04-03 03:23:51,27.37,13.92,     ,  540, OVER,223.0,59.00,?,,Detroit Pistons,Atlanta Hawks,?
2024-04-03 03:23:51,66.54, 0.00, -450,     ,UNDER,230.5,97.60,?,Boston Celtics,,Boston Celtics,?
2024-04-03 03:23:51,33.46,14.45,     ,  350,UNDER,230.5,97.60,?,,Oklahoma City Thunder,Boston Celtics,?
2024-04-03 03:23:51,82.15, 0.00, -850,     ,UNDER,222.5,58.00,?,Milwaukee Bucks,,Milwaukee Bucks,?
2024-04-03 03:23:51,17.85, 3.93,     ,  590,UNDER,222.5,58.00,?,,Memphis Grizzlies,Milwaukee Bucks,?
2024-04-03 03:23:51,62.81, 0.00, -190,     ,UNDER,209.5,59.70,?,New Orleans Pelicans,,New Orleans Pelicans,?
2024-04-03 03:23:51,37.19, 0.00,     ,  160,UNDER,209.5,59.70,?,,Orlando Magic,New Orleans Pelicans,?
2024-04-03 03:23:51,85.15, 0.00,-1350,     , OVER,215.5,70.20,?,Minnesota Timberwolves,,Minnesota Timberwolves,?
2024-04-03 03:23:51,14.85, 4.34,     ,  810, OVER,215.5,70.20,?,,Toronto Raptors,Minnesota Timberwolves,?
2024-04-03 03:23:51,59.33, 0.00, -235,     ,UNDER,226.5,67.10,?,Phoenix Suns,,Phoenix Suns,?
2024-04-03 03:23:51,40.67,10.09,     ,  194,UNDER,226.5,67.10,?,,Cleveland Cavaliers,Phoenix Suns,?
2024-04-03 03:27:45,52.98, 0.00, -138,     , OVER,211.5,70.70,?,Charlotte Hornets,,Charlotte Hornets,?
2024-04-03 03:27:45,47.02, 2.11,     ,  118, OVER,211.5,70.70,?,,Portland Trail Blazers,Charlotte Hornets,?
2024-04-03 03:27:45,75.91,13.97,  750,     , OVER,234.0,60.80,?,Washington Wizards,,Los Angeles Lakers,?
2024-04-03 03:27:45,75.91, 0.00,     ,-1200, OVER,234.0,60.80,?,,Los Angeles Lakers,Los Angeles Lakers,?
2024-04-03 03:27:45,57.25,20.73,  260,     ,UNDER,230.5,78.40,?,Brooklyn Nets,,Indiana Pacers,?
2024-04-03 03:27:45,57.25, 0.00,     , -320,UNDER,230.5,78.40,?,,Indiana Pacers,Indiana Pacers,?
2024-04-03 03:27:45,72.63, 0.00, -770,     , OVER,223.0,59.00,?,Atlanta Hawks,,Atlanta Hawks,?
2024-04-03 03:27:45,27.37,13.92,     ,  540, OVER,223.0,59.00,?,,Detroit Pistons,Atlanta Hawks,?
2024-04-03 03:27:45,66.54, 0.00, -360,     ,UNDER,230.5,97.60,?,Boston Celtics,,Boston Celtics,?
2024-04-03 03:27:45,33.46,10.51,     ,  290,UNDER,230.5,97.60,?,,Oklahoma City Thunder,Boston Celtics,?
2024-04-03 03:27:45,82.15, 0.00, -850,     ,UNDER,222.5,58.00,?,Milwaukee Bucks,,Milwaukee Bucks,?
2024-04-03 03:27:45,17.85, 3.93,     ,  590,UNDER,222.5,58.00,?,,Memphis Grizzlies,Milwaukee Bucks,?
2024-04-03 03:27:45,62.81, 0.00, -188,     ,UNDER,209.5,59.70,?,New Orleans Pelicans,,New Orleans Pelicans,?
2024-04-03 03:27:45,37.19, 0.00,     ,  158,UNDER,209.5,59.70,?,,Orlando Magic,New Orleans Pelicans,?
2024-04-03 03:27:45,85.15, 0.00,-1350,     , OVER,215.5,70.20,?,Minnesota Timberwolves,,Minnesota Timberwolves,?
2024-04-03 03:27:45,14.85, 4.34,     ,  810, OVER,215.5,70.20,?,,Toronto Raptors,Minnesota Timberwolves,?
2024-04-03 03:27:45,59.33, 0.00, -235,     ,UNDER,226.5,67.10,?,Phoenix Suns,,Phoenix Suns,?
2024-04-03 03:27:45,40.67,10.09,     ,  194,UNDER,226.5,67.10,?,,Cleveland Cavaliers,Phoenix Suns,?
2024-04-03 03:29:30,53.00, 0.00, -138,     , OVER,211.5,70.70,?,Charlotte Hornets,,Charlotte Hornets,?
2024-04-03 03:29:30,47.00, 2.11,     ,  118, OVER,211.5,70.70,?,,Portland Trail Blazers,Charlotte Hornets,?
2024-04-03 03:29:30,75.90,13.25,  700,     , OVER,234.0,60.80,?,Washington Wizards,,Los Angeles Lakers,?
2024-04-03 03:29:30,75.90, 0.00,     ,-1100, OVER,234.0,60.80,?,,Los Angeles Lakers,Los Angeles Lakers,?
2024-04-03 03:29:30,57.30,20.73,  260,     ,UNDER,230.5,78.40,?,Brooklyn Nets,,Indiana Pacers,?
2024-04-03 03:29:30,57.30, 0.00,     , -320,UNDER,230.5,78.40,?,,Indiana Pacers,Indiana Pacers,?
2024-04-03 03:29:30,72.60, 0.00, -770,     , OVER,223.0,59.00,?,Atlanta Hawks,,Atlanta Hawks,?
2024-04-03 03:29:30,27.40,13.92,     ,  540, OVER,223.0,59.00,?,,Detroit Pistons,Atlanta Hawks,?
2024-04-03 03:29:30,66.50, 0.00, -450,     ,UNDER,230.5,97.60,?,Boston Celtics,,Boston Celtics,?
2024-04-03 03:29:30,33.50,14.45,     ,  350,UNDER,230.5,97.60,?,,Oklahoma City Thunder,Boston Celtics,?
2024-04-03 03:29:30,82.20, 0.00, -850,     ,UNDER,222.5,58.00,?,Milwaukee Bucks,,Milwaukee Bucks,?
2024-04-03 03:29:30,17.80, 3.93,     ,  590,UNDER,222.5,58.00,?,,Memphis Grizzlies,Milwaukee Bucks,?
2024-04-03 03:29:30,62.80, 0.00, -190,     ,UNDER,209.5,59.70,?,New Orleans Pelicans,,New Orleans Pelicans,?
2024-04-03 03:29:30,37.20, 0.00,     ,  160,UNDER,209.5,59.70,?,,Orlando Magic,New Orleans Pelicans,?
2024-04-03 03:29:30,85.20, 0.00,-1350,     , OVER,215.5,70.20,?,Minnesota Timberwolves,,Minnesota Timberwolves,?
2024-04-03 03:29:30,14.80, 4.34,     ,  810, OVER,215.5,70.20,?,,Toronto Raptors,Minnesota Timberwolves,?
2024-04-03 03:29:30,59.30, 0.00, -235,     ,UNDER,226.5,67.10,?,Phoenix Suns,,Phoenix Suns,?
2024-04-03 03:29:30,40.70,10.09,     ,  194,UNDER,226.5,67.10,?,,Cleveland Cavaliers,Phoenix Suns,?
2024-04-03 03:37:51,53.00, 0.00, -138,     , OVER,211.5,70.70,?,Charlotte Hornets,,Charlotte Hornets,?
2024-04-03 03:37:51,47.00, 2.11,     ,  118, OVER,211.5,70.70,?,,Portland Trail Blazers,Charlotte Hornets,?
2024-04-03 03:37:51,75.90,13.25,  700,     , OVER,234.0,60.80,?,Washington Wizards,,Los Angeles Lakers,?
2024-04-03 03:37:51,75.90, 0.00,     ,-1100, OVER,234.0,60.80,?,,Los Angeles Lakers,Los Angeles Lakers,?
2024-04-03 03:37:51,57.30,20.73,  260,     ,UNDER,230.5,78.40,?,Brooklyn Nets,,Indiana Pacers,?
2024-04-03 03:37:51,57.30, 0.00,     , -320,UNDER,230.5,78.40,?,,Indiana Pacers,Indiana Pacers,?
2024-04-03 03:37:51,72.60, 0.00, -770,     , OVER,223.0,59.00,?,Atlanta Hawks,,Atlanta Hawks,?
2024-04-03 03:37:51,27.40,13.92,     ,  540, OVER,223.0,59.00,?,,Detroit Pistons,Atlanta Hawks,?
2024-04-03 03:37:51,66.50, 0.00, -450,     ,UNDER,230.5,97.60,?,Boston Celtics,,Boston Celtics,?
2024-04-03 03:37:51,33.50,14.45,     ,  350,UNDER,230.5,97.60,?,,Oklahoma City Thunder,Boston Celtics,?
2024-04-03 03:37:51,82.20, 0.00, -850,     ,UNDER,222.5,58.00,?,Milwaukee Bucks,,Milwaukee Bucks,?
2024-04-03 03:37:51,17.80, 3.93,     ,  590,UNDER,222.5,58.00,?,,Memphis Grizzlies,Milwaukee Bucks,?
2024-04-03 03:37:51,62.80, 0.00, -190,     ,UNDER,209.5,59.70,?,New Orleans Pelicans,,New Orleans Pelicans,?
2024-04-03 03:37:51,37.20, 0.00,     ,  160,UNDER,209.5,59.70,?,,Orlando Magic,New Orleans Pelicans,?
2024-04-03 03:37:51,85.20, 0.00,-1350,     , OVER,215.5,70.20,?,Minnesota Timberwolves,,Minnesota Timberwolves,?
2024-04-03 03:37:51,14.80, 4.34,     ,  810, OVER,215.5,70.20,?,,Toronto Raptors,Minnesota Timberwolves,?
2024-04-03 03:37:51,59.30, 0.00, -235,     ,UNDER,226.5,67.10,?,Phoenix Suns,,Phoenix Suns,?
2024-04-03 03:37:51,40.70,10.09,     ,  194,UNDER,226.5,67.10,?,,Cleveland Cavaliers,Phoenix Suns,?
2024-04-03 03:39:54,53.00, 0.00, -132,     , OVER,211.5,70.70,?,Charlotte Hornets,,Charlotte Hornets,?
2024-04-03 03:39:54,47.00, 0.00,     ,  112, OVER,211.5,70.70,?,,Portland Trail Blazers,Charlotte Hornets,?
2024-04-03 03:39:54,24.10,13.25,  700,     , OVER,234.0,60.80,?,Washington Wizards,,Los Angeles Lakers,?
2024-04-03 03:39:54,75.90, 0.00,     ,-1100, OVER,234.0,60.80,?,,Los Angeles Lakers,Los Angeles Lakers,?
2024-04-03 03:39:54,42.70,20.73,  260,     ,UNDER,230.5,78.40,?,Brooklyn Nets,,Indiana Pacers,?
2024-04-03 03:39:54,57.30, 0.00,     , -320,UNDER,230.5,78.40,?,,Indiana Pacers,Indiana Pacers,?
2024-04-03 03:39:54,72.60, 0.00, -770,     , OVER,223.0,59.00,?,Atlanta Hawks,,Atlanta Hawks,?
2024-04-03 03:39:54,27.40,13.92,     ,  540, OVER,223.0,59.00,?,,Detroit Pistons,Atlanta Hawks,?
2024-04-03 03:39:54,66.50, 0.00, -450,     ,UNDER,230.5,97.60,?,Boston Celtics,,Boston Celtics,?
2024-04-03 03:39:54,33.50,14.45,     ,  350,UNDER,230.5,97.60,?,,Oklahoma City Thunder,Boston Celtics,?
2024-04-03 03:39:54,82.20, 0.00, -850,     ,UNDER,222.5,58.00,?,Milwaukee Bucks,,Milwaukee Bucks,?
2024-04-03 03:39:54,17.80, 3.93,     ,  590,UNDER,222.5,58.00,?,,Memphis Grizzlies,Milwaukee Bucks,?
2024-04-03 03:39:54,62.80, 0.00, -190,     ,UNDER,209.5,59.70,?,New Orleans Pelicans,,New Orleans Pelicans,?
2024-04-03 03:39:54,37.20, 0.00,     ,  160,UNDER,209.5,59.70,?,,Orlando Magic,New Orleans Pelicans,?
2024-04-03 03:39:54,85.20, 0.00,-1350,     , OVER,215.5,70.20,?,Minnesota Timberwolves,,Minnesota Timberwolves,?
2024-04-03 03:39:54,14.80, 4.34,     ,  810, OVER,215.5,70.20,?,,Toronto Raptors,Minnesota Timberwolves,?
2024-04-03 03:39:54,59.30, 0.00, -235,     ,UNDER,226.5,67.10,?,Phoenix Suns,,Phoenix Suns,?
2024-04-03 03:39:54,40.70,10.09,     ,  194,UNDER,226.5,67.10,?,,Cleveland Cavaliers,Phoenix Suns,?
2024-04-03 22:26:50,67.90, 0.00, -620,     , OVER,230.5,60.90,?,Dallas Mavericks,,Dallas Mavericks,?
2024-04-03 22:26:50,32.10,17.36,     ,  460, OVER,230.5,60.90,?,,Atlanta Hawks,Dallas Mavericks,?
2024-04-03 22:26:50,60.20, 3.28, -142,     , OVER,210.5,58.60,?,Miami Heat,,Miami Heat,?
2024-04-03 22:26:50,39.80, 0.00,     ,  120, OVER,210.5,58.60,?,,Philadelphia 76ers,Miami Heat,?
2024-04-03 22:26:50,65.70,11.23, -158,     ,UNDER,215.5,67.60,?,New York Knicks,,New York Knicks,?
2024-04-03 22:26:50,34.30, 0.00,     ,  134,UNDER,215.5,67.60,?,,Sacramento Kings,New York Knicks,?
2024-04-03 22:26:50,55.50,22.79,  136,     ,UNDER,227.5,55.10,?,Houston Rockets,,Houston Rockets,?
2024-04-03 22:26:50,44.50, 0.00,     , -162,UNDER,227.5,55.10,?,,Golden State Warriors,Houston Rockets,?
2024-04-03 22:26:50,63.10,34.76,  130,     ,UNDER,218.5,73.60,?,LA Clippers,,LA Clippers,?
2024-04-03 22:26:50,36.90, 0.00,     , -154,UNDER,218.5,73.60,?,,Denver Nuggets,LA Clippers,?
2024-04-03 23:47:20,72.30, 0.00, -650,     , OVER,230.0,66.50,?,Dallas Mavericks,,Dallas Mavericks,?
2024-04-03 23:47:20,27.70,12.60,     ,  480, OVER,230.0,66.50,?,,Atlanta Hawks,Dallas Mavericks,?
2024-04-03 23:47:20,57.20, 0.00, -142,     , OVER,210.0,64.20,?,Miami Heat,,Miami Heat,?
2024-04-03 23:47:20,42.80, 0.00,     ,  120, OVER,210.0,64.20,?,,Philadelphia 76ers,Miami Heat,?
2024-04-03 23:47:20,66.50, 7.63, -174,     ,UNDER,216.0,63.40,?,New York Knicks,,New York Knicks,?
2024-04-03 23:47:20,33.50, 0.00,     ,  146,UNDER,216.0,63.40,?,,Sacramento Kings,New York Knicks,?
2024-04-03 23:47:20,49.00,15.38,  152,     ,UNDER,227.0,52.00,?,Houston Rockets,,Golden State Warriors,?
2024-04-03 23:47:20,51.00, 0.00,     , -180,UNDER,227.0,52.00,?,,Golden State Warriors,Golden State Warriors,?
2024-04-03 23:47:20,66.60,40.04,  126,     ,UNDER,218.0,80.30,?,LA Clippers,,LA Clippers,?
2024-04-03 23:47:20,33.40, 0.00,     , -148,UNDER,218.0,80.30,?,,Denver Nuggets,LA Clippers,?
2024-04-04 06:59:21,30.10, 0.00, None,     ,UNDER,  0.0,55.00,?,Charlotte Hornets,,Orlando Magic,?
2024-04-04 06:59:21,69.90, 0.00,     , None,UNDER,  0.0,55.00,?,,Orlando Magic,Orlando Magic,?
2024-04-04 06:59:21,47.60, 0.00, None,     ,UNDER,  0.0,56.70,?,Indiana Pacers,,Oklahoma City Thunder,?
2024-04-04 06:59:21,52.40, 0.00,     , None,UNDER,  0.0,56.70,?,,Oklahoma City Thunder,Oklahoma City Thunder,?
2024-04-04 06:59:21,54.90, 0.00, None,     ,UNDER,  0.0,68.40,?,Washington Wizards,,Washington Wizards,?
2024-04-04 06:59:21,45.10, 0.00,     , None,UNDER,  0.0,68.40,?,,Portland Trail Blazers,Washington Wizards,?
2024-04-04 06:59:21,81.20, 0.00, None,     ,UNDER,  0.0,94.70,?,Boston Celtics,,Boston Celtics,?
2024-04-04 06:59:21,18.80, 0.00,     , None,UNDER,  0.0,94.70,?,,Sacramento Kings,Boston Celtics,?
2024-04-04 06:59:21,39.40, 0.00, None,     ,UNDER,  0.0,53.80,?,Chicago Bulls,,New York Knicks,?
2024-04-04 06:59:21,60.60, 0.00,     , None,UNDER,  0.0,53.80,?,,New York Knicks,New York Knicks,?
2024-04-04 06:59:21,49.80, 0.00, None,     ,UNDER,  0.0,66.30,?,Houston Rockets,,Miami Heat,?
2024-04-04 06:59:21,50.20, 0.00,     , None,UNDER,  0.0,66.30,?,,Miami Heat,Miami Heat,?
2024-04-04 06:59:21,56.20, 0.00, None,     ,UNDER,  0.0,73.60,?,Memphis Grizzlies,,Memphis Grizzlies,?
2024-04-04 06:59:21,43.80, 0.00,     , None,UNDER,  0.0,73.60,?,,Detroit Pistons,Memphis Grizzlies,?
2024-04-04 06:59:21,81.20, 0.00, None,     ,UNDER,  0.0,60.50,?,Milwaukee Bucks,,Milwaukee Bucks,?
2024-04-04 06:59:21,18.80, 0.00,     , None,UNDER,  0.0,60.50,?,,Toronto Raptors,Milwaukee Bucks,?
2024-04-04 06:59:21,79.30, 0.00, None,     ,UNDER,  0.0,97.40,?,New Orleans Pelicans,,New Orleans Pelicans,?
2024-04-04 06:59:21,20.70, 0.00,     , None,UNDER,  0.0,97.40,?,,San Antonio Spurs,New Orleans Pelicans,?
2024-04-04 06:59:21,61.40, 0.00, None,     ,UNDER,  0.0,94.20,?,Dallas Mavericks,,Dallas Mavericks,?
2024-04-04 06:59:21,38.60, 0.00,     , None,UNDER,  0.0,94.20,?,,Golden State Warriors,Dallas Mavericks,?
2024-04-04 06:59:21,53.90, 0.00, None,     ,UNDER,  0.0,84.40,?,Phoenix Suns,,Phoenix Suns,?
2024-04-04 06:59:21,46.10, 0.00,     , None,UNDER,  0.0,84.40,?,,Minnesota Timberwolves,Phoenix Suns,?
2024-04-04 06:59:21,74.40, 0.00, None,     ,UNDER,  0.0,83.30,?,LA Clippers,,LA Clippers,?
2024-04-04 06:59:21,25.60, 0.00,     , None,UNDER,  0.0,83.30,?,,Utah Jazz,LA Clippers,?
2024-04-04 17:27:25,61.50, 2.37, -154,     ,UNDER,213.5,65.50,?,New York Knicks,,New York Knicks,?
2024-04-04 17:27:25,38.50, 0.00,     ,  130,UNDER,213.5,65.50,?,,Sacramento Kings,New York Knicks,?
2024-04-04 17:27:25,72.30, 0.00, -770,     , OVER,227.5,60.40,?,Dallas Mavericks,,Dallas Mavericks,?
2024-04-04 17:27:25,27.70,14.28,     ,  540, OVER,227.5,60.40,?,,Atlanta Hawks,Dallas Mavericks,?
2024-04-04 17:27:25,57.20, 0.00, -138,     , OVER,209.5,65.30,?,Miami Heat,,Miami Heat,?
2024-04-04 17:27:25,42.80, 0.00,     ,  118, OVER,209.5,65.30,?,,Philadelphia 76ers,Miami Heat,?
2024-04-04 17:27:25,51.40,16.69,  140,     ,UNDER,228.0,55.50,?,Houston Rockets,,Houston Rockets,?
2024-04-04 17:27:25,48.60, 0.00,     , -166,UNDER,228.0,55.50,?,,Golden State Warriors,Houston Rockets,?
2024-04-04 17:27:25,63.50,37.77,  142,     ,UNDER,221.0,80.70,?,LA Clippers,,LA Clippers,?
2024-04-04 17:27:25,36.50, 0.00,     , -168,UNDER,221.0,80.70,?,,Denver Nuggets,LA Clippers,?
2024-04-04 23:10:50,30.30,17.18,  530,     , OVER,205.5,59.80,?,Charlotte Hornets,,Orlando Magic,?
2024-04-04 23:10:50,69.70, 0.00,     , -750, OVER,205.5,59.80,?,,Orlando Magic,Orlando Magic,?
2024-04-04 23:10:50,56.00, 0.24, -126,     ,UNDER,220.5,64.20,?,Washington Wizards,,Washington Wizards,?
2024-04-04 23:10:50,44.00, 0.00,     ,  108,UNDER,220.5,64.20,?,,Portland Trail Blazers,Washington Wizards,?
2024-04-04 23:10:50,47.60, 0.00, -180,     ,UNDER,235.5,68.70,?,Indiana Pacers,,Oklahoma City Thunder,?
2024-04-04 23:10:50,52.40,21.05,     ,  152,UNDER,235.5,68.70,?,,Oklahoma City Thunder,Oklahoma City Thunder,?
2024-04-04 23:10:50,82.70,16.10, -390,     ,UNDER,223.5,90.00,?,Boston Celtics,,Boston Celtics,?
2024-04-04 23:10:50,17.30, 0.00,     ,  310,UNDER,223.5,90.00,?,,Sacramento Kings,Boston Celtics,?
2024-04-04 23:10:50,39.10, 0.00, -112,     , OVER,210.5,75.70,?,Chicago Bulls,,New York Knicks,?
2024-04-04 23:10:50,60.90,20.09,     , -104, OVER,210.5,75.70,?,,New York Knicks,New York Knicks,?
2024-04-04 23:10:50,81.20, 0.00,-2000,     , OVER,225.5,63.10,?,Milwaukee Bucks,,Milwaukee Bucks,?
2024-04-04 23:10:50,18.80,11.01,     , 1040, OVER,225.5,63.10,?,,Toronto Raptors,Milwaukee Bucks,?
2024-04-04 23:10:50,79.30, 0.00, -720,     ,UNDER,220.5,61.90,?,New Orleans Pelicans,,New Orleans Pelicans,?
2024-04-04 23:10:50,20.70, 5.48,     ,  520,UNDER,220.5,61.90,?,,San Antonio Spurs,New Orleans Pelicans,?
2024-04-04 23:10:50,49.70, 0.00, -112,     ,UNDER,214.0,60.60,?,Houston Rockets,,Miami Heat,?
2024-04-04 23:10:50,50.30, 0.00,     , -104,UNDER,214.0,60.60,?,,Miami Heat,Miami Heat,?
2024-04-04 23:10:50,56.20, 0.00, None,     ,UNDER,  0.0,74.70,?,Memphis Grizzlies,,Memphis Grizzlies,?
2024-04-04 23:10:50,43.80, 0.00,     , None,UNDER,  0.0,74.70,?,,Detroit Pistons,Memphis Grizzlies,?
2024-04-04 23:10:50,61.40, 0.00, -210,     ,UNDER,229.0,71.90,?,Dallas Mavericks,,Dallas Mavericks,?
2024-04-04 23:10:50,38.60, 0.00,     ,  180,UNDER,229.0,71.90,?,,Golden State Warriors,Dallas Mavericks,?
2024-04-04 23:10:50,53.40, 0.00, -152,     ,UNDER,220.0,54.30,?,Phoenix Suns,,Phoenix Suns,?
2024-04-04 23:10:50,46.60, 0.00,     ,  128,UNDER,220.0,54.30,?,,Minnesota Timberwolves,Phoenix Suns,?
2024-04-04 23:10:50,74.40, 0.00, None,     ,UNDER,  0.0,81.20,?,LA Clippers,,LA Clippers,?
2024-04-04 23:10:50,25.60, 0.00,     , None,UNDER,  0.0,81.20,?,,Utah Jazz,LA Clippers,?
2024-04-06 03:15:33,52.90, 0.00, -196,     ,UNDER,229.0,88.00,?,Los Angeles Lakers,,Los Angeles Lakers,?
2024-04-06 03:15:33,47.10,14.81,     ,  164,UNDER,229.0,88.00,?,,Cleveland Cavaliers,Los Angeles Lakers,?
2024-04-06 03:15:33,71.20, 0.00, -370,     , OVER,215.0,89.80,?,Brooklyn Nets,,Brooklyn Nets,?
2024-04-06 03:15:33,28.80, 4.71,     ,  295, OVER,215.0,89.80,?,,Detroit Pistons,Brooklyn Nets,?
2024-04-06 03:15:33,27.20,16.15,  660,     , OVER,210.5,61.70,?,Memphis Grizzlies,,Philadelphia 76ers,?
2024-04-06 03:15:33,72.80, 0.00,     , -950, OVER,210.5,61.70,?,,Philadelphia 76ers,Philadelphia 76ers,?
2024-04-06 03:15:33,81.70, 0.00, -750,     , OVER,221.0,52.10,?,Denver Nuggets,,Denver Nuggets,?
2024-04-06 03:15:33,18.30, 2.94,     ,  530, OVER,221.0,52.10,?,,Atlanta Hawks,Denver Nuggets,?
2024-04-06 03:26:07,64.00, 0.00, None,     ,UNDER,  0.0,94.50,?,LA Clippers,,LA Clippers,?
2024-04-06 03:26:07,36.00, 0.00,     , None,UNDER,  0.0,94.50,?,,Cleveland Cavaliers,LA Clippers,?
2024-04-06 03:26:07,70.20, 0.00, None,     ,UNDER,  0.0,89.30,?,Dallas Mavericks,,Dallas Mavericks,?
2024-04-06 03:26:07,29.80, 0.00,     , None,UNDER,  0.0,89.30,?,,Houston Rockets,Dallas Mavericks,?
2024-04-06 03:26:07,58.30, 0.00, None,     ,UNDER,  0.0,81.00,?,Indiana Pacers,,Indiana Pacers,?
2024-04-06 03:26:07,41.70, 0.00,     , None,UNDER,  0.0,81.00,?,,Miami Heat,Indiana Pacers,?
2024-04-06 03:26:07,70.10, 0.00, None,     ,UNDER,  0.0,78.80,?,Orlando Magic,,Orlando Magic,?
2024-04-06 03:26:07,29.90, 0.00,     , None,UNDER,  0.0,78.80,?,,Chicago Bulls,Orlando Magic,?
2024-04-06 03:26:07,61.60, 0.00, None,     ,UNDER,  0.0,84.90,?,Phoenix Suns,,Phoenix Suns,?
2024-04-06 03:26:07,38.40, 0.00,     , None,UNDER,  0.0,84.90,?,,New Orleans Pelicans,Phoenix Suns,?
2024-04-06 03:26:07,94.00, 0.00, None,     ,UNDER,  0.0,78.10,?,Boston Celtics,,Boston Celtics,?
2024-04-06 03:26:07, 6.00, 0.00,     , None,UNDER,  0.0,78.10,?,,Portland Trail Blazers,Boston Celtics,?
2024-04-06 03:26:07,22.10, 0.00, None,     ,UNDER,  0.0,73.90,?,Charlotte Hornets,,Oklahoma City Thunder,?
2024-04-06 03:26:07,77.90, 0.00,     , None,UNDER,  0.0,73.90,?,,Oklahoma City Thunder,Oklahoma City Thunder,?
2024-04-06 03:26:07,58.90, 0.00, None,     ,UNDER,  0.0,61.80,?,Toronto Raptors,,Toronto Raptors,?
2024-04-06 03:26:07,41.10, 0.00,     , None,UNDER,  0.0,61.80,?,,Washington Wizards,Toronto Raptors,?
2024-04-06 03:26:07,30.40, 0.00, None,     , OVER,  0.0,51.50,?,San Antonio Spurs,,Philadelphia 76ers,?
2024-04-06 03:26:07,69.60, 0.00,     , None, OVER,  0.0,51.50,?,,Philadelphia 76ers,Philadelphia 76ers,?
2024-04-06 03:26:07,67.20, 0.00, None,     ,UNDER,  0.0,71.80,?,Milwaukee Bucks,,Milwaukee Bucks,?
2024-04-06 03:26:07,32.80, 0.00,     , None,UNDER,  0.0,71.80,?,,New York Knicks,Milwaukee Bucks,?
2024-04-06 03:26:07,39.60, 0.00, None,     ,UNDER,  0.0,56.00,?,Brooklyn Nets,,Sacramento Kings,?
2024-04-06 03:26:07,60.40, 0.00,     , None,UNDER,  0.0,56.00,?,,Sacramento Kings,Sacramento Kings,?
2024-04-06 03:26:07,74.10, 0.00, None,     ,UNDER,  0.0,78.40,?,Golden State Warriors,,Golden State Warriors,?
2024-04-06 03:26:07,25.90, 0.00,     , None,UNDER,  0.0,78.40,?,,Utah Jazz,Golden State Warriors,?
2024-04-06 03:26:07,44.90, 0.00, None,     ,UNDER,  0.0,84.10,?,Los Angeles Lakers,,Minnesota Timberwolves,?
2024-04-06 03:26:07,55.10, 0.00,     , None,UNDER,  0.0,84.10,?,,Minnesota Timberwolves,Minnesota Timberwolves,?
2024-04-06 03:42:49,52.90, 0.00, -196,     ,UNDER,229.0,88.00,?,Los Angeles Lakers,,Los Angeles Lakers,?
2024-04-06 03:42:49,47.10,14.81,     ,  164,UNDER,229.0,88.00,?,,Cleveland Cavaliers,Los Angeles Lakers,?
2024-04-06 03:42:49,71.20, 0.00, -370,     , OVER,215.0,89.80,?,Brooklyn Nets,,Brooklyn Nets,?
2024-04-06 03:42:49,28.80, 4.71,     ,  295, OVER,215.0,89.80,?,,Detroit Pistons,Brooklyn Nets,?
2024-04-06 03:42:49,27.20,16.15,  660,     , OVER,210.5,61.70,?,Memphis Grizzlies,,Philadelphia 76ers,?
2024-04-06 03:42:49,72.80, 0.00,     , -950, OVER,210.5,61.70,?,,Philadelphia 76ers,Philadelphia 76ers,?
2024-04-06 03:42:49,81.70, 0.00, -750,     , OVER,221.0,52.10,?,Denver Nuggets,,Denver Nuggets,?
2024-04-06 03:42:49,18.30, 2.94,     ,  530, OVER,221.0,52.10,?,,Atlanta Hawks,Denver Nuggets,?
2024-04-06 03:43:08,64.00, 0.00, None,     ,UNDER,  0.0,94.50,?,LA Clippers,,LA Clippers,?
2024-04-06 03:43:08,36.00, 0.00,     , None,UNDER,  0.0,94.50,?,,Cleveland Cavaliers,LA Clippers,?
2024-04-06 03:43:08,70.20, 0.00, None,     ,UNDER,  0.0,89.30,?,Dallas Mavericks,,Dallas Mavericks,?
2024-04-06 03:43:08,29.80, 0.00,     , None,UNDER,  0.0,89.30,?,,Houston Rockets,Dallas Mavericks,?
2024-04-06 03:43:08,58.30, 0.00, None,     ,UNDER,  0.0,81.00,?,Indiana Pacers,,Indiana Pacers,?
2024-04-06 03:43:08,41.70, 0.00,     , None,UNDER,  0.0,81.00,?,,Miami Heat,Indiana Pacers,?
2024-04-06 03:43:08,70.10, 0.00, None,     ,UNDER,  0.0,78.80,?,Orlando Magic,,Orlando Magic,?
2024-04-06 03:43:08,29.90, 0.00,     , None,UNDER,  0.0,78.80,?,,Chicago Bulls,Orlando Magic,?
2024-04-06 03:43:08,61.60, 0.00, None,     ,UNDER,  0.0,84.90,?,Phoenix Suns,,Phoenix Suns,?
2024-04-06 03:43:08,38.40, 0.00,     , None,UNDER,  0.0,84.90,?,,New Orleans Pelicans,Phoenix Suns,?
2024-04-06 03:43:08,94.00, 0.00, None,     ,UNDER,  0.0,78.10,?,Boston Celtics,,Boston Celtics,?
2024-04-06 03:43:08, 6.00, 0.00,     , None,UNDER,  0.0,78.10,?,,Portland Trail Blazers,Boston Celtics,?
2024-04-06 03:43:08,22.10, 0.00, None,     ,UNDER,  0.0,73.90,?,Charlotte Hornets,,Oklahoma City Thunder,?
2024-04-06 03:43:08,77.90, 0.00,     , None,UNDER,  0.0,73.90,?,,Oklahoma City Thunder,Oklahoma City Thunder,?
2024-04-06 03:43:08,58.90, 0.00, None,     ,UNDER,  0.0,61.80,?,Toronto Raptors,,Toronto Raptors,?
2024-04-06 03:43:08,41.10, 0.00,     , None,UNDER,  0.0,61.80,?,,Washington Wizards,Toronto Raptors,?
2024-04-06 03:43:08,30.40, 0.00, None,     , OVER,  0.0,51.50,?,San Antonio Spurs,,Philadelphia 76ers,?
2024-04-06 03:43:08,69.60, 0.00,     , None, OVER,  0.0,51.50,?,,Philadelphia 76ers,Philadelphia 76ers,?
2024-04-06 03:43:08,67.20, 0.00, None,     ,UNDER,  0.0,71.80,?,Milwaukee Bucks,,Milwaukee Bucks,?
2024-04-06 03:43:08,32.80, 0.00,     , None,UNDER,  0.0,71.80,?,,New York Knicks,Milwaukee Bucks,?
2024-04-06 03:43:08,39.60, 0.00, None,     ,UNDER,  0.0,56.00,?,Brooklyn Nets,,Sacramento Kings,?
2024-04-06 03:43:08,60.40, 0.00,     , None,UNDER,  0.0,56.00,?,,Sacramento Kings,Sacramento Kings,?
2024-04-06 03:43:08,74.10, 0.00, None,     ,UNDER,  0.0,78.40,?,Golden State Warriors,,Golden State Warriors,?
2024-04-06 03:43:08,25.90, 0.00,     , None,UNDER,  0.0,78.40,?,,Utah Jazz,Golden State Warriors,?
2024-04-06 03:43:08,44.90, 0.00, None,     ,UNDER,  0.0,84.10,?,Los Angeles Lakers,,Minnesota Timberwolves,?
2024-04-06 03:43:08,55.10, 0.00,     , None,UNDER,  0.0,84.10,?,,Minnesota Timberwolves,Minnesota Timberwolves,?
2024-04-06 03:45:21,52.90, 0.00, -196,     ,UNDER,229.0,88.00,?,Los Angeles Lakers,,Los Angeles Lakers,?
2024-04-06 03:45:21,47.10,14.81,     ,  164,UNDER,229.0,88.00,?,,Cleveland Cavaliers,Los Angeles Lakers,?
2024-04-06 03:45:21,71.20, 0.00, -370,     , OVER,215.0,89.80,?,Brooklyn Nets,,Brooklyn Nets,?
2024-04-06 03:45:21,28.80, 4.71,     ,  295, OVER,215.0,89.80,?,,Detroit Pistons,Brooklyn Nets,?
2024-04-06 03:45:21,27.20,16.15,  660,     , OVER,210.5,61.70,?,Memphis Grizzlies,,Philadelphia 76ers,?
2024-04-06 03:45:21,72.80, 0.00,     , -950, OVER,210.5,61.70,?,,Philadelphia 76ers,Philadelphia 76ers,?
2024-04-06 03:45:21,81.70, 0.00, -750,     , OVER,221.0,52.10,?,Denver Nuggets,,Denver Nuggets,?
2024-04-06 03:45:21,18.30, 2.94,     ,  530, OVER,221.0,52.10,?,,Atlanta Hawks,Denver Nuggets,?
2024-04-06 03:45:38,64.00, 0.00, None,     ,UNDER,  0.0,94.50,?,LA Clippers,,LA Clippers,?
2024-04-06 03:45:38,36.00, 0.00,     , None,UNDER,  0.0,94.50,?,,Cleveland Cavaliers,LA Clippers,?
2024-04-06 03:45:38,70.20, 0.00, None,     ,UNDER,  0.0,89.30,?,Dallas Mavericks,,Dallas Mavericks,?
2024-04-06 03:45:38,29.80, 0.00,     , None,UNDER,  0.0,89.30,?,,Houston Rockets,Dallas Mavericks,?
2024-04-06 03:45:38,58.30, 0.00, None,     ,UNDER,  0.0,81.00,?,Indiana Pacers,,Indiana Pacers,?
2024-04-06 03:45:38,41.70, 0.00,     , None,UNDER,  0.0,81.00,?,,Miami Heat,Indiana Pacers,?
2024-04-06 03:45:38,70.10, 0.00, None,     ,UNDER,  0.0,78.80,?,Orlando Magic,,Orlando Magic,?
2024-04-06 03:45:38,29.90, 0.00,     , None,UNDER,  0.0,78.80,?,,Chicago Bulls,Orlando Magic,?
2024-04-06 03:45:38,61.60, 0.00, None,     ,UNDER,  0.0,84.90,?,Phoenix Suns,,Phoenix Suns,?
2024-04-06 03:45:38,38.40, 0.00,     , None,UNDER,  0.0,84.90,?,,New Orleans Pelicans,Phoenix Suns,?
2024-04-06 03:45:38,94.00, 0.00, None,     ,UNDER,  0.0,78.10,?,Boston Celtics,,Boston Celtics,?
2024-04-06 03:45:38, 6.00, 0.00,     , None,UNDER,  0.0,78.10,?,,Portland Trail Blazers,Boston Celtics,?
2024-04-06 03:45:38,22.10, 0.00, None,     ,UNDER,  0.0,73.90,?,Charlotte Hornets,,Oklahoma City Thunder,?
2024-04-06 03:45:38,77.90, 0.00,     , None,UNDER,  0.0,73.90,?,,Oklahoma City Thunder,Oklahoma City Thunder,?
2024-04-06 03:45:38,58.90, 0.00, None,     ,UNDER,  0.0,61.80,?,Toronto Raptors,,Toronto Raptors,?
2024-04-06 03:45:38,41.10, 0.00,     , None,UNDER,  0.0,61.80,?,,Washington Wizards,Toronto Raptors,?
2024-04-06 03:45:38,30.40, 0.00, None,     , OVER,  0.0,51.50,?,San Antonio Spurs,,Philadelphia 76ers,?
2024-04-06 03:45:38,69.60, 0.00,     , None, OVER,  0.0,51.50,?,,Philadelphia 76ers,Philadelphia 76ers,?
2024-04-06 03:45:38,67.20, 0.00, None,     ,UNDER,  0.0,71.80,?,Milwaukee Bucks,,Milwaukee Bucks,?
2024-04-06 03:45:38,32.80, 0.00,     , None,UNDER,  0.0,71.80,?,,New York Knicks,Milwaukee Bucks,?
2024-04-06 03:45:38,39.60, 0.00, None,     ,UNDER,  0.0,56.00,?,Brooklyn Nets,,Sacramento Kings,?
2024-04-06 03:45:38,60.40, 0.00,     , None,UNDER,  0.0,56.00,?,,Sacramento Kings,Sacramento Kings,?
2024-04-06 03:45:38,74.10, 0.00, None,     ,UNDER,  0.0,78.40,?,Golden State Warriors,,Golden State Warriors,?
2024-04-06 03:45:38,25.90, 0.00,     , None,UNDER,  0.0,78.40,?,,Utah Jazz,Golden State Warriors,?
2024-04-06 03:45:38,44.90, 0.00, None,     ,UNDER,  0.0,84.10,?,Los Angeles Lakers,,Minnesota Timberwolves,?
2024-04-06 03:45:38,55.10, 0.00,     , None,UNDER,  0.0,84.10,?,,Minnesota Timberwolves,Minnesota Timberwolves,?
2024-04-06 17:23:01,64.00, 0.00, -196,     , OVER,218.5,53.80,?,LA Clippers,,LA Clippers,?
2024-04-06 17:23:01,36.00, 0.00,     ,  164, OVER,218.5,53.80,?,,Cleveland Cavaliers,LA Clippers,?
2024-04-06 17:23:01,70.20, 0.00, -310,     , OVER,226.5,50.00,?,Dallas Mavericks,,Dallas Mavericks,?
2024-04-06 17:23:01,29.80, 1.76,     ,  250, OVER,226.5,50.00,?,,Houston Rockets,Dallas Mavericks,?
2024-04-06 17:23:01,58.30, 9.91, -116,     ,UNDER,229.5,86.70,?,Indiana Pacers,,Indiana Pacers,?
2024-04-06 17:23:01,41.70, 0.00,     , -102,UNDER,229.5,86.70,?,,Miami Heat,Indiana Pacers,?
2024-04-06 17:23:01,70.10, 0.00, -340,     , OVER,210.0,80.80,?,Orlando Magic,,Orlando Magic,?
2024-04-06 17:23:01,29.90, 4.38,     ,  275, OVER,210.0,80.80,?,,Chicago Bulls,Orlando Magic,?
2024-04-06 17:23:01,61.60, 0.00, None,     ,UNDER,  0.0,84.90,?,Phoenix Suns,,Phoenix Suns,?
2024-04-06 17:23:01,38.40, 0.00,     , None,UNDER,  0.0,84.90,?,,New Orleans Pelicans,Phoenix Suns,?
2024-04-06 17:23:01,94.00, 0.00, None,     ,UNDER,  0.0,78.10,?,Boston Celtics,,Boston Celtics,?
2024-04-06 17:23:01, 6.00, 0.00,     , None,UNDER,  0.0,78.10,?,,Portland Trail Blazers,Boston Celtics,?
2024-04-06 17:23:01,22.10, 0.00, None,     ,UNDER,  0.0,73.90,?,Charlotte Hornets,,Oklahoma City Thunder,?
2024-04-06 17:23:01,77.90, 0.00,     , None,UNDER,  0.0,73.90,?,,Oklahoma City Thunder,Oklahoma City Thunder,?
2024-04-06 17:23:01,58.90, 0.00, None,     ,UNDER,  0.0,61.80,?,Toronto Raptors,,Toronto Raptors,?
2024-04-06 17:23:01,41.10, 0.00,     , None,UNDER,  0.0,61.80,?,,Washington Wizards,Toronto Raptors,?
2024-04-06 17:23:01,30.40, 0.00, None,     , OVER,  0.0,51.50,?,San Antonio Spurs,,Philadelphia 76ers,?
2024-04-06 17:23:01,69.60, 0.00,     , None, OVER,  0.0,51.50,?,,Philadelphia 76ers,Philadelphia 76ers,?
2024-04-06 17:23:01,67.20, 0.00, None,     ,UNDER,  0.0,71.80,?,Milwaukee Bucks,,Milwaukee Bucks,?
2024-04-06 17:23:01,32.80, 0.00,     , None,UNDER,  0.0,71.80,?,,New York Knicks,Milwaukee Bucks,?
2024-04-06 17:23:01,39.60, 0.00, None,     ,UNDER,  0.0,56.00,?,Brooklyn Nets,,Sacramento Kings,?
2024-04-06 17:23:01,60.40, 0.00,     , None,UNDER,  0.0,56.00,?,,Sacramento Kings,Sacramento Kings,?
2024-04-06 17:23:01,74.10, 0.00, None,     ,UNDER,  0.0,78.40,?,Golden State Warriors,,Golden State Warriors,?
2024-04-06 17:23:01,25.90, 0.00,     , None,UNDER,  0.0,78.40,?,,Utah Jazz,Golden State Warriors,?
2024-04-06 17:23:01,44.90, 0.00, None,     ,UNDER,  0.0,84.10,?,Los Angeles Lakers,,Minnesota Timberwolves,?
2024-04-06 17:23:01,55.10, 0.00,     , None,UNDER,  0.0,84.10,?,,Minnesota Timberwolves,Minnesota Timberwolves,?
2024-04-06 23:05:40,69.00,17.32, -168,     , OVER,220.0,60.10,?,LA Clippers,,LA Clippers,?
2024-04-06 23:05:40,31.00, 0.00,     ,  142, OVER,220.0,60.10,?,,Cleveland Cavaliers,LA Clippers,?
2024-04-06 23:05:40,70.20, 0.00, -290,     ,UNDER,226.5,52.70,?,Dallas Mavericks,,Dallas Mavericks,?
2024-04-06 23:05:40,29.80, 0.00,     ,  235,UNDER,226.5,52.70,?,,Houston Rockets,Dallas Mavericks,?
2024-04-06 23:05:40,59.20,11.72, -116,     ,UNDER,227.5,82.20,?,Indiana Pacers,,Indiana Pacers,?
2024-04-06 23:05:40,40.80, 0.00,     , -102,UNDER,227.5,82.20,?,,Miami Heat,Indiana Pacers,?
2024-04-06 23:05:40,70.50, 0.00, -310,     , OVER,211.0,73.50,?,Orlando Magic,,Orlando Magic,?
2024-04-06 23:05:40,29.50, 1.26,     ,  250, OVER,211.0,73.50,?,,Chicago Bulls,Orlando Magic,?
2024-04-06 23:05:40,61.60, 0.00, -270,     ,UNDER,223.0,68.20,?,Phoenix Suns,,Phoenix Suns,?
2024-04-06 23:05:40,38.40,10.40,     ,  220,UNDER,223.0,68.20,?,,New Orleans Pelicans,Phoenix Suns,?
2024-04-06 23:05:40,92.30, 0.00,-1400,     ,UNDER,219.0,51.10,?,Boston Celtics,,Boston Celtics,?
2024-04-06 23:05:40, 7.70, 0.00,     ,  830,UNDER,219.0,51.10,?,,Portland Trail Blazers,Boston Celtics,?
2024-04-06 23:05:40,19.90, 0.00,  285,     ,UNDER,216.0,72.90,?,Charlotte Hornets,,Oklahoma City Thunder,?
2024-04-06 23:05:40,80.10, 8.92,     , -355,UNDER,216.0,72.90,?,,Oklahoma City Thunder,Oklahoma City Thunder,?
2024-04-06 23:05:40,54.50, 0.00, -174,     , OVER,227.5,53.90,?,Toronto Raptors,,Toronto Raptors,?
2024-04-06 23:05:40,45.50, 8.14,     ,  146, OVER,227.5,53.90,?,,Washington Wizards,Toronto Raptors,?
2024-04-06 23:05:40,30.50, 2.14,  245,     , OVER,230.0,55.00,?,San Antonio Spurs,,Philadelphia 76ers,?
2024-04-06 23:05:40,69.50, 0.00,     , -300, OVER,230.0,55.00,?,,Philadelphia 76ers,Philadelphia 76ers,?
2024-04-06 23:05:40,67.20,13.34, -164,     , OVER,220.5,61.40,?,Milwaukee Bucks,,Milwaukee Bucks,?
2024-04-06 23:05:40,32.80, 0.00,     ,  138, OVER,220.5,61.40,?,,New York Knicks,Milwaukee Bucks,?
2024-04-06 23:05:40,39.70,15.52,  250,     , OVER,222.5,59.50,?,Brooklyn Nets,,Sacramento Kings,?
2024-04-06 23:05:40,60.30, 0.00,     , -310, OVER,222.5,59.50,?,,Sacramento Kings,Sacramento Kings,?
2024-04-06 23:05:40,73.70, 0.00, -560,     ,UNDER,231.0,84.40,?,Golden State Warriors,,Golden State Warriors,?
2024-04-06 23:05:40,26.30, 8.73,     ,  420,UNDER,231.0,84.40,?,,Utah Jazz,Golden State Warriors,?
2024-04-06 23:05:40,44.90, 0.00, -142,     ,UNDER,224.5,58.30,?,Los Angeles Lakers,,Minnesota Timberwolves,?
2024-04-06 23:05:40,55.10,17.72,     ,  120,UNDER,224.5,58.30,?,,Minnesota Timberwolves,Minnesota Timberwolves,?
